<?xml version="1.0" encoding="UTF-8"?>
<!DOCTYPE suite SYSTEM "https://testng.org/testng-1.0.dtd">
<suite name="Regression" parallel="tests" thread-count="3">
	<listeners>
  <listener class-name="Learnacademy.TestListeners"/>
  </listeners> 
<test name="Home page">
		<classes>
			<class name="Learnacademy.HomepageTest" />
		</classes>
	</test> 

	 <test name="Course tab"> <classes> <class name="Learnacademy.CourseTest"/> 
		</classes> </test> 

	<!--  <test name="Data from DB"> <classes> <class name="Learnacademy.DBValidation"/> 
		</classes> </test>  -->

</suite> 
